input,target_header,target_description
"Afyon Sucuk, traditional Turkish sausage from Afyon region",Afyon Sucuk - Traditional Turkish Sausage,"- Experience the flavors of Afyon Sucuk, a traditional Turkish sausage from the Afyon region. Made with meat and spices, it's a hearty and delicious meal."
"Ağrı Balı, traditional Turkish honey from Ağrı region",Ağrı Balı - Traditional Turkish Honey,"- Indulge in the sweetness of Ağrı Balı, traditional Turkish honey from the Ağrı region. Perfect for snacking or baking, it's a delicious and healthy treat."
"Amasya Elması, traditional Turkish apple from Amasya region",Amasya Elması - Traditional Turkish Apple,"- Enjoy the crunchy texture and sweet flavor of Amasya Elması, traditional Turkish apple from the Amasya region. Perfect for snacking or baking, it's a delicious and healthy treat."
"Ankara Tiftiği, traditional Turkish cotton fabric from Ankara region",Ankara Tiftiği - Traditional Turkish Cotton Fabric,"- Experience the softness and durability of Ankara Tiftiği, traditional Turkish cotton fabric from the Ankara region. Perfect for clothing or home textiles, it's a high-quality and comfortable choice."
"Artvin Yemişi, traditional Turkish citrus fruit from Artvin region",Artvin Yemişi - Traditional Turkish Citrus Fruit,"- Enjoy the tangy flavor and crunchy texture of Artvin Yemişi, traditional Turkish citrus fruit from the Artvin region. Perfect for snacking or baking, it's a delicious and healthy treat."
"Aydın İncir Reçeli, traditional Turkish fig jam from Aydın region",Aydın İncir Reçeli - Traditional Turkish Fig Jam,"- Indulge in the sweetness of Aydın İncir Reçeli, traditional Turkish fig jam from the Aydın region. Perfect for snacking or baking, it's a delicious and healthy treat."
"Balıkesir Zeytini, traditional Turkish olive from Balıkesir region",Balıkesir Zeytini - Traditional Turkish Olive,"- Enjoy the rich flavor and crunchy texture of Balıkesir Zeytini, traditional Turkish olive from the Balıkesir region. Perfect for snacking or adding to salads, it's a delicious and healthy treat."
"Bingöl Kebabı, traditional Turkish dish from Bingöl region",Bingöl Kebabı - Traditional Turkish Dish,"- Try the delicious Bingöl Kebabı, a traditional Turkish dish from the Bingöl region. Made with meat and spices, it's a hearty and delicious meal."
"Bolu Mengen Kebabı, traditional Turkish dish from Bolu region",Bolu Mengen Kebabı - Traditional Turkish Dish,"- Experience the flavors of Bolu Mengen Kebabı, a traditional Turkish dish from the Bolu region. Made with meat and spices, it's a hearty and delicious meal."
"Çanakkale Ezine Peyniri, traditional Turkish cheese from Çanakkale region",Çanakkale Ezine Peyniri - Traditional Turkish Cheese,"- Enjoy the rich flavor and creamy texture of Çanakkale Ezine Peyniri, traditional Turkish cheese from the Çanakkale region. Perfect for snacking or adding to salads, it's a delicious and healthy treat."
"Çankırı Kebabı, traditional Turkish dish from Çankırı region",Çankırı Kebabı - Traditional Turkish Dish,"- Try the delicious Çankırı Kebabı, a traditional Turkish dish from the Çankırı region. Made with meat and spices, it's a hearty and delicious meal."
"Çorum Leblebi, traditional Turkish roasted chickpeas from Çorum region",Çorum Leblebi - Traditional Turkish Roasted Chickpeas,"- Crunch into the delicious Çorum Leblebi, traditional Turkish roasted chickpeas from the Çorum region. Perfect for snacking or adding to salads, they're a tasty and healthy treat."
"Denizli Roasted Chestnuts, traditional Turkish roasted chestnuts from Denizli region",Denizli Roasted Chestnuts - Traditional Turkish Roasted Chestnuts,"- Warm up with the sweet and nutty flavor of Denizli Roasted Chestnuts, traditional Turkish roasted chestnuts from the Denizli region. Perfect for snacking or as a side dish, they're a delicious winter treat."
"Diyarbakır Kebabı, traditional Turkish dish from Diyarbakır region",Diyarbakır Kebabı - Traditional Turkish Dish,"- Experience the flavors of Diyarbakır Kebabı, a traditional Turkish dish from the Diyarbakır region. Made with meat and spices, it's a hearty and delicious meal."
"Edirne Ciğer Kebabı, traditional Turkish dish from Edirne region",Edirne Ciğer Kebabı - Traditional Turkish Dish,"- Try the delicious Edirne Ciğer Kebabı, a traditional Turkish dish from the Edirne region. Made with liver and spices, it's a hearty and delicious meal."
"Elazığ Kebabı, traditional Turkish dish from Elazığ region",Elazığ Kebabı - Traditional Turkish Dish,"- Experience the flavors of Elazığ Kebabı, a traditional Turkish dish from the Elazığ region. Made with meat and spices, it's a hearty and delicious meal."
"Erzincan Kebabı, traditional Turkish dish from Erzincan region",Erzincan Kebabı - Traditional Turkish Dish,"- Try the delicious Erzincan Kebabı, a traditional Turkish dish from the Erzincan region. Made with meat and spices, it's a hearty and delicious meal."
"Erzurum Kebabı, traditional Turkish dish from Erzurum region",Erzurum Kebabı - Traditional Turkish Dish,"- Experience the flavors of Erzurum Kebabı, a traditional Turkish dish from the Erzurum region. Made with meat and spices, it's a hearty and delicious meal."
"Eskişehir Kebabı, traditional Turkish dish from Eskişehir region",Eskişehir Kebabı - Traditional Turkish Dish,"- Try the delicious Eskişehir Kebabı, a traditional Turkish dish from the Eskişehir region. Made with meat and spices, it's a hearty and delicious meal."
"Gaziantep Baklavası, traditional Turkish pastry from Gaziantep region",Gaziantep Baklavası - Traditional Turkish Pastry,"- Indulge in the sweet and nutty flavor of Gaziantep Baklavası, traditional Turkish pastry from the Gaziantep region. Made with layers of phyllo and nuts, it's a decadent treat."
"Giresun Fındığı, traditional Turkish hazelnut from Giresun region",Giresun Fındığı - Traditional Turkish Hazelnut,"- Enjoy the rich flavor and crunchy texture of Giresun Fındığı, traditional Turkish hazelnut from the Giresun region. Perfect for snacking or baking, it's a delicious and healthy treat."
"Gümüşhane Kebabı, traditional Turkish dish from Gümüşhane region",Gümüşhane Kebabı - Traditional Turkish Dish,"- Try the delicious Gümüşhane Kebabı, a traditional Turkish dish from the Gümüşhane region. Made with meat and spices, it's a hearty and delicious meal."
"Hakkâri Kebabı, traditional Turkish dish from Hakkâri region",Hakkâri Kebabı - Traditional Turkish Dish,"- Experience the flavors of Hakkâri Kebabı, a traditional Turkish dish from the Hakkâri region. Made with meat and spices, it's a hearty and delicious meal."
"Hatay Kebabı, traditional Turkish dish from Hatay region",Hatay Kebabı - Traditional Turkish Dish,"- Try the delicious Hatay Kebabı, a traditional Turkish dish from the Hatay region. Made with meat and spices, it's a hearty and delicious meal."
"Iğdır Kebabı, traditional Turkish dish from Iğdır region",Iğdır Kebabı - Traditional Turkish Dish,"- Experience the flavors of Iğdır Kebabı, a traditional Turkish dish from the Iğdır region. Made with meat and spices, it's a hearty and delicious meal."
"Isparta Kebabı, traditional Turkish dish from Isparta region",Isparta Kebabı - Traditional Turkish Dish,"- Try the delicious Isparta Kebabı, a traditional Turkish dish from the Isparta region. Made with meat and spices, it's a hearty and delicious meal."
"İstanbul Kebabı, traditional Turkish dish from İstanbul region",İstanbul Kebabı - Traditional Turkish Dish,"- Experience the flavors of İstanbul Kebabı, a traditional Turkish dish from the İstanbul region. Made with meat and spices, it's a hearty and delicious meal."
"İzmir Kebabı, traditional Turkish dish from İzmir region",İzmir Kebabı - Traditional Turkish Dish,"- Try the delicious İzmir Kebabı, a traditional Turkish dish from the İzmir region. Made with meat and spices, it's a hearty and delicious meal."
"Kahramanmaraş Dondurması, traditional Turkish ice cream from Kahramanmaraş region",Kahramanmaraş Dondurması - Traditional Turkish Ice Cream,"- Beat the heat with the creamy and sweet Kahramanmaraş Dondurması, traditional Turkish ice cream from the Kahramanmaraş region. Made with milk and sugar, it's a refreshing treat."
"Karabük Kebabı, traditional Turkish dish from Karabük region",Karabük Kebabı - Traditional Turkish Dish,"- Experience the flavors of Karabük Kebabı, a traditional Turkish dish from the Karabük region. Made with meat and spices, it's a hearty and delicious meal."
"Karaman Kebabı, traditional Turkish dish from Karaman region",Karaman Kebabı - Traditional Turkish Dish,"- Try the delicious Karaman Kebabı, a traditional Turkish dish from the Karaman region. Made with meat and spices, it's a hearty and delicious meal."
"Kars Kebabı, traditional Turkish dish from Kars region",Kars Kebabı - Traditional Turkish Dish,"- Experience the flavors of Kars Kebabı, a traditional Turkish dish from the Kars region. Made with meat and spices, it's a hearty and delicious meal."
"Kastamonu Kebabı, traditional Turkish dish from Kastamonu region",Kastamonu Kebabı - Traditional Turkish Dish,"- Try the delicious Kastamonu Kebabı, a traditional Turkish dish from the Kastamonu region. Made with meat and spices, it's a hearty and delicious meal."
"Kayseri Mantısı, traditional Turkish dish from Kayseri region",Kayseri Mantısı - Traditional Turkish Dish,"- Experience the flavors of Kayseri Mantısı, a traditional Turkish dish from the Kayseri region. Made with dumplings and spices, it's a hearty and delicious meal."
"Kilis Kebabı, traditional Turkish dish from Kilis region",Kilis Kebabı - Traditional Turkish Dish,"- Try the delicious Kilis Kebabı, a traditional Turkish dish from the Kilis region. Made with meat and spices, it's a hearty and delicious meal."
"Kırklareli Kebabı, traditional Turkish dish from Kırklareli region",Kırklareli Kebabı - Traditional Turkish Dish,"- Experience the flavors of Kırklareli Kebabı, a traditional Turkish dish from the Kırklareli region. Made with meat and spices, it's a hearty and delicious meal."
"Kırşehir Kebabı, traditional Turkish dish from Kırşehir region",Kırşehir Kebabı - Traditional Turkish Dish,"- Try the delicious Kırşehir Kebabı, a traditional Turkish dish from the Kırşehir region. Made with meat and spices, it's a hearty and delicious meal."
"Kocaeli Kebabı, traditional Turkish dish from Kocaeli region",Kocaeli Kebabı - Traditional Turkish Dish,"- Experience the flavors of Kocaeli Kebabı, a traditional Turkish dish from the Kocaeli region. Made with meat and spices, it's a hearty and delicious meal."
"Konya Mevlana Şekeri, traditional Turkish candy from Konya region",Konya Mevlana Şekeri - Traditional Turkish Candy,"- Indulge in the sweetness of Konya Mevlana Şekeri, traditional Turkish candy from the Konya region. Made with sugar and nuts, it's a delicious treat."
"Kütahya Kebabı, traditional Turkish dish from Kütahya region",Kütahya Kebabı - Traditional Turkish Dish,"- Try the delicious Kütahya Kebabı, a traditional Turkish dish from the Kütahya region. Made with meat and spices, it's a hearty and delicious meal."
"Malatya Kayısı, traditional Turkish apricot from Malatya region",Malatya Kayısı - Traditional Turkish Apricot,"- Enjoy the sweet and juicy flavor of Malatya Kayısı, traditional Turkish apricot from the Malatya region. Perfect for snacking or baking, it's a delicious and healthy treat."
"Manisa Mesir Macunu, traditional Turkish candy from Manisa region",Manisa Mesir Macunu - Traditional Turkish Candy,"- Try the delicious Manisa Mesir Macunu, traditional Turkish candy from the Manisa region. Made with sugar and spices, it's a sweet and flavorful treat."
"Mardin Kebabı, traditional Turkish dish from Mardin region",Mardin Kebabı - Traditional Turkish Dish,"- Experience the flavors of Mardin Kebabı, a traditional Turkish dish from the Mardin region. Made with meat and spices, it's a hearty and delicious meal."
"Mersin Kebabı, traditional Turkish dish from Mersin region",Mersin Kebabı - Traditional Turkish Dish,"- Try the delicious Mersin Kebabı, a traditional Turkish dish from the Mersin region. Made with meat and spices, it's a hearty and delicious meal."
"Muğla Sıra Zeytini, traditional Turkish olive oil from Muğla region",Muğla Sıra Zeytini - Traditional Turkish Olive Oil,"- Indulge in the rich flavor of Muğla Sıra Zeytini, traditional Turkish olive oil from the Muğla region. Perfect for cooking or as a finishing oil, it's a delicious and healthy addition to any meal."
"Muş Kebabı, traditional Turkish dish from Muş region",Muş Kebabı - Traditional Turkish Dish,"- Experience the flavors of Muş Kebabı, a traditional Turkish dish from the Muş region. Made with meat and spices, it's a hearty and delicious meal."
"Nevşehir Kebabı, traditional Turkish dish from Nevşehir region",Nevşehir Kebabı - Traditional Turkish Dish,"- Try the delicious Nevşehir Kebabı, a traditional Turkish dish from the Nevşehir region. Made with meat and spices, it's a hearty and delicious meal."
"Niğde Kebabı, traditional Turkish dish from Niğde region",Niğde Kebabı - Traditional Turkish Dish,"- Experience the flavors of Niğde Kebabı, a traditional Turkish dish from the Niğde region. Made with meat and spices, it's a hearty and delicious meal."
"Ordu Fındığı, traditional Turkish hazelnut from Ordu region",Ordu Fındığı - Traditional Turkish Hazelnut,"- Enjoy the rich flavor and crunchy texture of Ordu Fındığı, traditional Turkish hazelnut from the Ordu region. Perfect for snacking or baking, it's a delicious and healthy treat."
"Osmaniye Kebabı, traditional Turkish dish from Osmaniye region",Osmaniye Kebabı - Traditional Turkish Dish,"- Try the delicious Osmaniye Kebabı, a traditional Turkish dish from the Osmaniye region. Made with meat and spices, it's a hearty and delicious meal."
"Rize Çayı, traditional Turkish tea from Rize region",Rize Çayı - Traditional Turkish Tea,"- Warm up with the soothing flavor of Rize Çayı, traditional Turkish tea from the Rize region. Made with black tea leaves, it's a comforting and delicious beverage."
"Sakarya Kebabı, traditional Turkish dish from Sakarya region",Sakarya Kebabı - Traditional Turkish Dish,"- Experience the flavors of Sakarya Kebabı, a traditional Turkish dish from the Sakarya region. Made with meat and spices, it's a hearty and delicious meal."
"Samsun Kebabı, traditional Turkish dish from Samsun region",Samsun Kebabı - Traditional Turkish Dish,"- Try the delicious Samsun Kebabı, a traditional Turkish dish from the Samsun region. Made with meat and spices, it's a hearty and delicious meal."
"Siirt Kebabı, traditional Turkish dish from Siirt region",Siirt Kebabı - Traditional Turkish Dish,"- Experience the flavors of Siirt Kebabı, a traditional Turkish dish from the Siirt region. Made with meat and spices, it's a hearty and delicious meal."
"Sinop Kebabı, traditional Turkish dish from Sinop region",Sinop Kebabı - Traditional Turkish Dish,"- Try the delicious Sinop Kebabı, a traditional Turkish dish from the Sinop region. Made with meat and spices, it's a hearty and delicious meal."
"Sivas Kangal Kebabı, traditional Turkish dish from Sivas region",Sivas Kangal Kebabı - Traditional Turkish Dish,"- Experience the flavors of Sivas Kangal Kebabı, a traditional Turkish dish from the Sivas region. Made with meat and spices, it's a hearty and delicious meal."
"Tekirdağ Rakısı, traditional Turkish spirit from Tekirdağ region",Tekirdağ Rakısı - Traditional Turkish Spirit,"- Enjoy the strong flavor of Tekirdağ Rakısı, traditional Turkish spirit from the Tekirdağ region. Made with grapes and aniseed, it's a popular and delicious beverage."
"Tokat Kebabı, traditional Turkish dish from Tokat region",Tokat Kebabı - Traditional Turkish Dish,"- Try the delicious Tokat Kebabı, a traditional Turkish dish from the Tokat region. Made with meat and spices, it's a hearty and delicious meal."
"Trabzon Hamsisi, traditional Turkish anchovy from Trabzon region",Trabzon Hamsisi - Traditional Turkish Anchovy,"- Enjoy the salty flavor and crunchy texture of Trabzon Hamsisi, traditional Turkish anchovy from the Trabzon region. Perfect for snacking or adding to salads, it's a delicious and healthy treat."
"Tunceli Kebabı, traditional Turkish dish from Tunceli region",Tunceli Kebabı - Traditional Turkish Dish,"- Experience the flavors of Tunceli Kebabı, a traditional Turkish dish from the Tunceli region. Made with meat and spices, it's a hearty and delicious meal."
"Uşak Kebabı, traditional Turkish dish from Uşak region",Uşak Kebabı - Traditional Turkish Dish,"- Try the delicious Uşak Kebabı, a traditional Turkish dish from the Uşak region. Made with meat and spices, it's a hearty and delicious meal."
"Van Kebabı, traditional Turkish dish from Van region",Van Kebabı - Traditional Turkish Dish,"- Experience the flavors of Van Kebabı, a traditional Turkish dish from the Van region. Made with meat and spices, it's a hearty and delicious meal."
"Yalova Kebabı, traditional Turkish dish from Yalova region",Yalova Kebabı - Traditional Turkish Dish,"- Try the delicious Yalova Kebabı, a traditional Turkish dish from the Yalova region. Made with meat and spices, it's a hearty and delicious meal."
"Yozgat Çemeni, traditional Turkish cheese from Yozgat region",Yozgat Çemeni - Traditional Turkish Cheese,"- Enjoy the rich flavor and creamy texture of Yozgat Çemeni, traditional Turkish cheese from the Yozgat region. Perfect for snacking or adding to salads, it's a delicious and healthy treat."
"Zonguldak Karadeniz Kebabı, traditional Turkish dish from Zonguldak region",Zonguldak Karadeniz Kebabı - Traditional Turkish Dish,"- Experience the flavors of Zonguldak Karadeniz Kebabı, a traditional Turkish dish from the Zonguldak region. Made with meat and spices, it's a hearty and delicious meal."
"Antalya Kebap, traditional Turkish dish from Antalya region",Antalya Kebap - Traditional Turkish Dish,"- Experience the flavors of Turkey with Antalya Kebap, a traditional dish from the Antalya region. Made with tender meat and spices, it's a must-try for any food lover."
"Aydın İnciri, sweet and juicy figs from Aydın region",Aydın İnciri - Sweet and Juicy Figs,"- Indulge in the sweetness of Aydın İnciri, figs from the Aydın region of Turkey. Known for their juicy texture and sweet flavor, they're perfect for snacking or baking."
"Bursa İskender Kebap, famous Turkish dish from Bursa region",Bursa İskender Kebap - Famous Turkish Dish,"- Try the iconic Bursa İskender Kebap, a famous Turkish dish from the Bursa region. Made with thinly sliced meat and served with pita bread, it's a culinary experience you won't forget."
"İzmir Boyoz, traditional Turkish pastry from İzmir region",İzmir Boyoz - Traditional Turkish Pastry,"- Try the delicious İzmir Boyoz, a traditional Turkish pastry from the İzmir region. Made with flaky dough and filled with cheese or spinach, it's a tasty breakfast or snack option."
"Mardin Kebap, traditional Turkish dish from Mardin region",Mardin Kebap - Traditional Turkish Dish,"- Experience the flavors of Mardin Kebap, a traditional Turkish dish from the Mardin region. Made with meat and spices, it's a hearty and delicious meal."
"Muğla Sıra Zeytini, traditional Turkish olive oil from Muğla region",Muğla Sıra Zeytini - Traditional Turkish Olive Oil,"- Indulge in the rich flavor of Muğla Sıra Zeytini, traditional Turkish olive oil from the Muğla region. Perfect for cooking or as a finishing oil, it's a delicious and healthy addition to any meal."
"Samsun Terme Kebap, traditional Turkish dish from Samsun region",Samsun Terme Kebap - Traditional Turkish Dish,"- Experience the flavors of Samsun Terme Kebap, a traditional Turkish dish from the Samsun region. Made with meat and spices, it's a hearty and delicious meal."
"Sinop Çarşamba Kebap, traditional Turkish dish from Sinop region",Sinop Çarşamba Kebap - Traditional Turkish Dish,"- Try the delicious Sinop Çarşamba Kebap, a traditional Turkish dish from the Sinop region. Made with meat and spices, it's a hearty and delicious meal."
"Sivas Kangal Kebap, traditional Turkish dish from Sivas region",Sivas Kangal Kebap - Traditional Turkish Dish,"- Experience the flavors of Sivas Kangal Kebap, a traditional Turkish dish from the Sivas region. Made with meat and spices, it's a hearty and delicious meal."
"500ml organic lavender shampoo, sulfate-free, enriched with essential oils for soft and shiny hair",500ml Organic Lavender Shampoo - Sulfate-Free,"- This 500ml organic lavender shampoo is sulfate-free and enriched with essential oils, leaving your hair soft and shiny.

- Ideal for daily use, it provides a gentle cleanse while nourishing your hair with natural ingredients."
"Leather wallet for men with RFID protection, multiple card slots, and a coin pocket",Men’s Leather Wallet with RFID Protection,"- A sleek leather wallet for men, designed with RFID protection to safeguard your personal information.

- Features multiple card slots and a coin pocket, perfect for organizing your essentials."
"24-piece stainless steel cutlery set, includes knives, forks, spoons, and teaspoons, dishwasher safe",24-Piece Stainless Steel Cutlery Set - Dishwasher Safe,"- This 24-piece stainless steel cutlery set includes knives, forks, spoons, and teaspoons for your everyday dining needs.

- Dishwasher safe and built to last, this set is perfect for both casual meals and special occasions."
"Pack of 5 cotton muslin swaddle blankets, breathable, soft, and machine washable, 100x100cm each",5-Pack Cotton Muslin Swaddle Blankets - 100x100cm,"- These breathable and soft cotton muslin swaddle blankets come in a pack of 5, perfect for keeping your baby comfortable.

- Each blanket measures 100x100cm and is machine washable for easy care."
"Wireless gaming mouse with 7 programmable buttons, adjustable DPI up to 16000, RGB lighting","Wireless Gaming Mouse - 7 Buttons, RGB, 16000 DPI","- Enhance your gaming experience with this wireless mouse featuring 7 programmable buttons and adjustable DPI up to 16000.

- The RGB lighting adds a personalized touch to your setup, making it perfect for gamers."
"2-person inflatable kayak with oars and hand pump, made from durable puncture-resistant material",2-Person Inflatable Kayak - Includes Oars & Pump,"- This 2-person inflatable kayak is made from durable, puncture-resistant material, perfect for recreational paddling.

- Comes with oars and a hand pump, making it easy to inflate and get on the water quickly."
"Set of 6 ceramic dinner plates, microwave and dishwasher safe, 28cm diameter",Set of 6 Ceramic Dinner Plates - Microwave Safe,"- This set of 6 ceramic dinner plates is microwave and dishwasher safe, combining convenience and style.

- Each plate has a 28cm diameter, perfect for serving meals in a modern dining setup."
"120ml anti-aging face serum with hyaluronic acid and vitamin C, for radiant and firm skin",120ml Anti-Aging Face Serum - Hyaluronic Acid & Vitamin C,"- This 120ml anti-aging face serum combines hyaluronic acid and vitamin C to hydrate and firm your skin.

- Perfect for daily use, it helps reduce fine lines and brightens your complexion, leaving it radiant."
"Adjustable yoga mat with carrying strap, made from eco-friendly material, non-slip surface",Eco-Friendly Yoga Mat with Carrying Strap - Non-Slip,"- This adjustable yoga mat is made from eco-friendly material with a non-slip surface, providing stability for your practice.

- Comes with a carrying strap for easy transport, making it perfect for yoga on the go."
"Electric citrus juicer with 1-liter capacity, easy-pour spout, and detachable parts for easy cleaning","Electric Citrus Juicer - 1L Capacity, Easy Clean","- Freshly squeeze your favorite citrus fruits with this electric juicer featuring a 1-liter capacity and easy-pour spout.

- Detachable parts make cleaning effortless, ensuring convenience in your kitchen."
"Set of 2 microfiber bath towels, quick-drying, ultra-absorbent, and soft to the touch",Set of 2 Microfiber Bath Towels - Quick-Drying,"- These ultra-absorbent microfiber bath towels dry quickly and feel soft against the skin.

- Perfect for everyday use, they’re lightweight and durable, offering long-lasting quality."
"Stainless steel kitchen knife set with wooden block, 5-piece set includes chef’s knife, bread knife, and paring knife",5-Piece Stainless Steel Kitchen Knife Set with Block,"- This 5-piece stainless steel kitchen knife set comes with a wooden block for organized storage.

- Includes essential knives like a chef’s knife, bread knife, and paring knife for all your culinary needs."
"3-piece luggage set with spinner wheels, includes cabin, medium, and large suitcases, made from lightweight and durable material",3-Piece Luggage Set with Spinner Wheels,"- Travel in style with this 3-piece luggage set featuring spinner wheels for easy maneuverability.

- Includes cabin, medium, and large suitcases made from lightweight yet durable material, ideal for long trips."
"Digital kitchen scale with LCD display, 5kg capacity, measures in grams and ounces, tare function","Digital Kitchen Scale - 5kg Capacity, LCD Display","- This digital kitchen scale features an LCD display and a 5kg capacity, perfect for accurate measurements.

- Measures in grams and ounces, and includes a tare function for easy ingredient weighing."
"120ml peppermint essential oil, 100% pure, suitable for aromatherapy and topical use",120ml Peppermint Essential Oil - 100% Pure,"- This 120ml bottle of peppermint essential oil is 100% pure, perfect for aromatherapy or topical use.

- Its refreshing scent and natural properties make it ideal for relaxation and wellness."
"Set of 3 non-stick baking trays, heat-resistant up to 230°C, dishwasher safe",Set of 3 Non-Stick Baking Trays - Heat-Resistant,"- This set of 3 non-stick baking trays is heat-resistant up to 230°C, perfect for baking cookies, cakes, and more.

- Dishwasher safe for easy cleaning and long-lasting use in your kitchen."
"Electric standing desk, height adjustable with memory settings, ergonomic design",Height Adjustable Electric Standing Desk - Ergonomic Design,"- Improve your workspace with this electric standing desk featuring height adjustment and memory settings.

- The ergonomic design helps reduce strain, making it perfect for a healthier work environment."
Pair of wireless over-ear headphones with active noise cancellation and 30-hour battery life,"Wireless Over-Ear Headphones - Noise Cancelling, 30-Hour Battery","- Experience immersive sound with these wireless over-ear headphones featuring active noise cancellation.

- With a 30-hour battery life, they’re perfect for long listening sessions without interruption."
"Stainless steel insulated water bottle, 750ml capacity, keeps drinks cold for 24 hours or hot for 12 hours",750ml Stainless Steel Insulated Water Bottle,"- Keep your drinks cold for up to 24 hours or hot for 12 hours with this 750ml stainless steel insulated water bottle.

- Ideal for on-the-go hydration, it’s designed to last with its durable and eco-friendly material."
"Set of 4 stackable plastic storage bins, ideal for organizing closets or garages, durable and easy to clean",Set of 4 Stackable Plastic Storage Bins,"- Organize your space with this set of 4 stackable plastic storage bins, perfect for closets or garages.

- Durable and easy to clean, they provide a practical solution for storing household items."
"Electric hair trimmer with adjustable blade length, rechargeable battery, and ergonomic design","Electric Hair Trimmer - Rechargeable, Adjustable Blades","- Achieve precise grooming with this electric hair trimmer, featuring adjustable blade lengths and a rechargeable battery.

- The ergonomic design ensures comfortable handling, perfect for at-home haircuts."
"Stainless steel cookware set, 10-piece set with pots, pans, and glass lids, suitable for all stove types",10-Piece Stainless Steel Cookware Set with Glass Lids,"- This 10-piece stainless steel cookware set includes pots, pans, and glass lids, suitable for all stove types.

- Durable and easy to clean, it’s perfect for preparing everyday meals with professional quality."
"Bluetooth smart watch with heart rate monitor, GPS, and fitness tracking features, compatible with iOS and Android",Bluetooth Smart Watch - Heart Rate Monitor & GPS,"- Stay active with this Bluetooth smart watch, featuring a heart rate monitor, GPS, and fitness tracking.

- Compatible with both iOS and Android, it helps you track your health and stay connected on the go."
"Set of 4 glass food storage containers with airtight lids, microwave and dishwasher safe",Set of 4 Glass Food Storage Containers - Airtight & Microwave Safe,"- Store your leftovers with this set of 4 glass food storage containers, featuring airtight lids to keep food fresh.

- Microwave and dishwasher safe, they are ideal for meal prep and everyday use."
"Portable 4000mAh power bank, fast charging, slim design, compatible with USB devices",4000mAh Portable Power Bank - Fast Charging,"- Charge your devices on the go with this slim 4000mAh portable power bank, offering fast charging for all USB devices.

- Its compact design makes it easy to carry in your bag or pocket, perfect for travel."
"Set of 2 LED table lamps with touch control and dimmable settings, includes USB charging port",Set of 2 LED Table Lamps - Touch Control & USB Port,"- Light up your space with this set of 2 LED table lamps, featuring touch control and dimmable settings for customized lighting.

- Each lamp includes a USB charging port, perfect for bedside or office use."
"Pack of 3 men’s boxer briefs, breathable cotton blend, elastic waistband for comfort","3-Pack Men’s Boxer Briefs - Cotton Blend, Elastic Waistband","- Stay comfortable with this 3-pack of men’s boxer briefs, made from a breathable cotton blend with an elastic waistband.

- Ideal for everyday wear, offering support and softness throughout the day."
"Electric handheld milk frother with stainless steel whisk, battery-operated, easy to clean",Electric Handheld Milk Frother - Stainless Steel Whisk,"- Create perfect foam for your coffee with this electric handheld milk frother, featuring a stainless steel whisk.

- Battery-operated and easy to clean, it’s a must-have for any coffee lover."
"Soft fleece throw blanket, 150x200cm, machine washable, available in multiple colors",150x200cm Soft Fleece Throw Blanket - Machine Washable,"- Cozy up with this soft fleece throw blanket, available in multiple colors and measuring 150x200cm.

- Machine washable and lightweight, it’s perfect for adding warmth and style to any room."
"Pack of 12 natural beeswax tealight candles, unscented, burn time of 4 hours each",12-Pack Natural Beeswax Tealight Candles - Unscented,"- Light up your space with this pack of 12 natural beeswax tealight candles, offering a clean and unscented burn.

- Each candle has a burn time of 4 hours, perfect for creating a relaxing atmosphere."
"Electric space heater with adjustable thermostat, tip-over protection, and quiet operation","Electric Space Heater - Adjustable Thermostat, Quiet Operation","- Keep warm with this electric space heater, featuring an adjustable thermostat and quiet operation.

- With tip-over protection, it ensures safe use in any room of your home."
"Non-stick silicone baking mat, reusable and heat-resistant up to 260°C, easy to clean",Non-Stick Silicone Baking Mat - Reusable & Heat-Resistant,"- This non-stick silicone baking mat is reusable and heat-resistant up to 260°C, perfect for baking without the need for parchment paper.

- Easy to clean, it’s a sustainable option for all your baking needs."
"Pack of 6 cotton dish towels, absorbent and quick-drying, machine washable",6-Pack Cotton Dish Towels - Absorbent & Quick-Drying,"- Keep your kitchen clean with this pack of 6 cotton dish towels, absorbent and quick-drying for everyday use.

- Machine washable for easy care, they’re durable and designed to last."
"Set of 3 reusable stainless steel straws with cleaning brush, eco-friendly and BPA-free",Set of 3 Stainless Steel Reusable Straws - Eco-Friendly & BPA-Free,"- Sip sustainably with this set of 3 stainless steel reusable straws, perfect for reducing plastic waste.

- BPA-free and easy to clean with the included brush, they’re ideal for eco-conscious households."
"2L glass pitcher with lid, heat-resistant and perfect for serving hot or cold beverages",2L Glass Pitcher with Lid - Heat-Resistant,"- Serve your favorite beverages with this 2L glass pitcher, designed to be heat-resistant for both hot and cold drinks.

- Its sleek design and lid make it perfect for entertaining guests or everyday use."
"Portable electric grill with non-stick cooking surface, adjustable temperature control, and removable drip tray",Portable Electric Grill - Non-Stick Surface & Adjustable Temperature,"- Grill indoors with this portable electric grill, featuring a non-stick cooking surface and adjustable temperature control.

- Includes a removable drip tray for easy cleanup, making it perfect for small spaces."
"Double-sided makeup mirror with LED lighting, magnification options, and adjustable angle",Double-Sided Makeup Mirror with LED Lighting - Adjustable Angle,"- Get ready with ease using this double-sided makeup mirror, featuring LED lighting and magnification options.

- Its adjustable angle allows for perfect positioning, making it an essential tool for your beauty routine."
"Set of 3 travel packing cubes, lightweight and water-resistant, perfect for organizing luggage",Set of 3 Travel Packing Cubes - Water-Resistant & Lightweight,"- Organize your luggage with this set of 3 travel packing cubes, designed to be lightweight and water-resistant.

- Ideal for separating clothes and accessories, they’re perfect for hassle-free packing."
"Bluetooth wireless speaker with 360-degree sound, waterproof design, and 12-hour battery life","Bluetooth Wireless Speaker - 360-Degree Sound, Waterproof","- Enjoy music anywhere with this Bluetooth wireless speaker, offering 360-degree sound and a waterproof design.

- With a 12-hour battery life, it’s perfect for outdoor adventures or indoor gatherings."
"Ergonomic office chair with lumbar support, adjustable height, and breathable mesh back",Ergonomic Office Chair - Lumbar Support & Adjustable Height,"- Stay comfortable during long work hours with this ergonomic office chair, featuring lumbar support and adjustable height.

- The breathable mesh back provides ventilation, making it perfect for your home office."
"Set of 3 marble-patterned ceramic vases, perfect for home decor or flower arrangements",Set of 3 Marble-Patterned Ceramic Vases - Home Decor,"- This set of 3 marble-patterned ceramic vases adds a touch of elegance to any home decor or flower arrangement.

- Stylish and versatile, they’re perfect for displaying on mantels, shelves, or dining tables."
"Stainless steel vacuum-insulated food jar, 500ml capacity, keeps food hot for 12 hours or cold for 24 hours",500ml Vacuum-Insulated Food Jar - Stainless Steel,"- Keep your meals hot for up to 12 hours or cold for 24 hours with this 500ml stainless steel vacuum-insulated food jar.

- Ideal for soups, stews, or snacks, it’s perfect for on-the-go lunches and picnics."
"Set of 4 bamboo coasters, eco-friendly and durable, with non-slip base to protect surfaces","Set of 4 Bamboo Coasters - Eco-Friendly, Non-Slip Base","- Protect your surfaces with this set of 4 eco-friendly bamboo coasters, featuring a durable and non-slip base.

- Ideal for drinks and beverages, they add a natural touch to your home while preventing spills and stains."
"Electric wine opener with rechargeable battery, includes foil cutter and charging stand","Electric Wine Opener - Rechargeable, Includes Foil Cutter","- Open wine bottles effortlessly with this electric wine opener, featuring a rechargeable battery and a foil cutter.

- It comes with a convenient charging stand, making it a stylish and practical addition to your kitchen or bar."
"Set of 3 woven cotton storage baskets with handles, perfect for organizing toys, laundry, or accessories",Set of 3 Woven Cotton Storage Baskets - With Handles,"- This set of 3 woven cotton storage baskets features sturdy handles for easy carrying, perfect for organizing toys, laundry, or accessories.

- Their versatile design makes them a stylish storage solution for any room."
"Adjustable dumbbells set with weights ranging from 2.5kg to 25kg, compact design for space-saving storage","Adjustable Dumbbells Set - 2.5kg to 25kg, Compact Design","- Strengthen your muscles with this adjustable dumbbells set, offering weights from 2.5kg to 25kg.

- Its compact design allows for space-saving storage, making it ideal for home workouts and fitness enthusiasts."
"Electric egg cooker, holds up to 6 eggs, auto shut-off feature, includes poaching tray and measuring cup","Electric Egg Cooker - Holds 6 Eggs, Auto Shut-Off","- Make perfect eggs every time with this electric egg cooker, holding up to 6 eggs and featuring an auto shut-off.

- It includes a poaching tray and a measuring cup, making breakfast prep quick and easy."
"Set of 5 reusable beeswax food wraps, organic and sustainable, perfect for wrapping fruits, sandwiches, or bowls","Set of 5 Reusable Beeswax Food Wraps - Organic, Sustainable","- Keep your food fresh with this set of 5 reusable beeswax food wraps, made from organic and sustainable materials.

- Perfect for wrapping fruits, sandwiches, or bowls, they offer a natural alternative to plastic wraps."
"Bluetooth sleep mask with built-in headphones, wireless connection, soft fabric for comfort, rechargeable battery","Bluetooth Sleep Mask with Built-In Headphones - Wireless, Soft Fabric","- Fall asleep to your favorite tunes with this Bluetooth sleep mask, featuring built-in headphones and a wireless connection.

- Made from soft fabric for comfort, it has a rechargeable battery for uninterrupted sleep."
"Pack of 12 bamboo toothbrushes, biodegradable handles, medium bristles, eco-friendly dental care","Pack of 12 Bamboo Toothbrushes - Biodegradable, Medium Bristles","- Brush sustainably with this pack of 12 bamboo toothbrushes, featuring biodegradable handles and medium bristles.

- An eco-friendly alternative to plastic toothbrushes, perfect for eco-conscious households."
"Stainless steel reusable straws set of 4, includes cleaning brush, eco-friendly alternative to plastic straws",Set of 4 Stainless Steel Reusable Straws - Eco-Friendly,"- This set of 4 stainless steel reusable straws comes with a cleaning brush for easy maintenance.

- An eco-friendly alternative to plastic, perfect for reducing waste while enjoying your favorite beverages."
"Portable electric heater, adjustable thermostat, 2000W, compact design for small spaces","Portable Electric Heater - 2000W, Compact","- Keep warm in small spaces with this portable electric heater, featuring a 2000W power and adjustable thermostat.

- Its compact design makes it easy to move around, providing efficient heating wherever needed."
"4-piece non-stick cooking utensils set, heat-resistant silicone, includes spatula, ladle, and serving spoon",4-Piece Non-Stick Cooking Utensils Set - Heat-Resistant Silicone,"- This 4-piece cooking utensils set is made from heat-resistant silicone, ensuring non-stick performance.

- Includes a spatula, ladle, serving spoon, and slotted spoon, perfect for everyday cooking."
"Cotton baby bibs set of 5, soft and absorbent, adjustable snap closure, machine washable","Set of 5 Cotton Baby Bibs - Adjustable, Absorbent","- These cotton baby bibs come in a set of 5 and feature adjustable snap closures for a comfortable fit.

- Soft and absorbent, they’re machine washable, making them perfect for everyday mealtime messes."
"1000-piece jigsaw puzzle, nature landscape design, made from recycled cardboard, suitable for ages 12 and up",1000-Piece Jigsaw Puzzle - Nature Landscape Design,"- Enjoy hours of entertainment with this 1000-piece jigsaw puzzle featuring a beautiful nature landscape design.

- Made from recycled cardboard, it’s perfect for puzzle enthusiasts aged 12 and up."
"Stainless steel French press coffee maker, 1-liter capacity, double-wall insulation for heat retention","Stainless Steel French Press - 1L, Double-Wall Insulation","- Brew rich, flavorful coffee with this 1-liter stainless steel French press, featuring double-wall insulation to retain heat.

- Durable and easy to use, it’s the perfect addition to your morning coffee routine."
"Set of 2 glass food storage containers with airtight bamboo lids, microwave and dishwasher safe",Set of 2 Glass Food Storage Containers - Airtight Bamboo Lids,"- This set of 2 glass food storage containers features airtight bamboo lids, keeping your food fresh.

- Microwave and dishwasher safe, they’re perfect for meal prep and eco-friendly food storage."
"Ergonomic office chair with lumbar support, adjustable height, and breathable mesh back","Ergonomic Office Chair - Lumbar Support, Adjustable Height","- Stay comfortable during long workdays with this ergonomic office chair, featuring lumbar support and adjustable height.

- The breathable mesh back ensures ventilation, providing comfort and support throughout the day."
"Pack of 10 reusable silicone food covers, stretchable to fit various bowl sizes, BPA-free and dishwasher safe",Pack of 10 Reusable Silicone Food Covers - BPA-Free,"- This pack of 10 reusable silicone food covers is stretchable to fit various bowl sizes, providing a secure seal.

- BPA-free and dishwasher safe, they’re a sustainable alternative to single-use plastic wraps."
"120cm artificial Christmas tree with metal stand, easy to assemble, flame-resistant material","120cm Artificial Christmas Tree - Easy to Assemble, Flame-Resistant","- Bring holiday cheer to your home with this 120cm artificial Christmas tree, made from flame-resistant material.

- It’s easy to assemble and comes with a sturdy metal stand, perfect for festive decorating."
"Electric kettle with 1.7L capacity, cordless, stainless steel body, auto shut-off feature","1.7L Stainless Steel Electric Kettle - Cordless, Auto Shut-Off","- Boil water quickly with this 1.7L stainless steel electric kettle, featuring a cordless design and auto shut-off for safety.

- Ideal for making tea, coffee, or instant meals, this sleek kettle adds convenience to your kitchen."
"Yoga block set of 2, made from high-density foam, lightweight and durable, non-slip surface","Set of 2 Yoga Blocks - High-Density Foam, Non-Slip","- Enhance your yoga practice with this set of 2 high-density foam yoga blocks, designed with a non-slip surface for stability.

- Lightweight and durable, they offer support for stretching, balancing, and deepening poses."
"Electric rice cooker with 5-cup capacity, non-stick inner pot, steamer tray included, keep-warm function","5-Cup Electric Rice Cooker - Non-Stick, Steamer Tray","- Cook perfect rice every time with this 5-cup electric rice cooker, featuring a non-stick inner pot and a steamer tray.

- The keep-warm function ensures your meals stay hot and ready to serve whenever you are."
"Bluetooth smart scale, measures weight, BMI, and body fat percentage, syncs with fitness apps, up to 180kg capacity","Bluetooth Smart Scale - Weight, BMI & Body Fat Tracker","- Track your fitness progress with this Bluetooth smart scale, which measures weight, BMI, and body fat percentage.

- Syncs with popular fitness apps, and has a capacity of up to 180kg, making it a versatile tool for your health goals."
"Set of 4 ceramic mugs, 350ml capacity each, microwave and dishwasher safe, with ergonomic handles","Set of 4 Ceramic Mugs - 350ml, Microwave & Dishwasher Safe","- Enjoy your favorite drinks in these 350ml ceramic mugs, designed with ergonomic handles for comfortable sipping.

- Microwave and dishwasher safe, they’re perfect for daily use at home or the office."
"Wireless charging pad, compatible with Qi-enabled devices, fast charging up to 10W, ultra-slim design","Wireless Charging Pad - 10W Fast Charge, Ultra-Slim","- Charge your Qi-enabled devices quickly with this wireless charging pad, offering fast charging up to 10W.

- Its ultra-slim design makes it a sleek and convenient addition to your desk or bedside table."
"Foldable camping chair with cup holder, lightweight, durable fabric, includes carry bag","Foldable Camping Chair - Lightweight, Cup Holder, Carry Bag","- Relax in comfort with this foldable camping chair, featuring a cup holder and durable fabric for outdoor use.

- Lightweight and portable, it comes with a carry bag for easy transportation to your camping trips, picnics, or events."
"Electric beard trimmer with adjustable length settings, rechargeable battery, ergonomic grip, includes cleaning brush","Electric Beard Trimmer - Adjustable Length, Rechargeable","- Achieve a precise trim with this electric beard trimmer, featuring adjustable length settings and a rechargeable battery.

- Its ergonomic grip ensures comfort during use, and it comes with a cleaning brush for easy maintenance."
"4-slice toaster with extra-wide slots, defrost and reheat functions, adjustable browning control","4-Slice Toaster - Extra-Wide Slots, Defrost & Reheat","- Make breakfast easier with this 4-slice toaster, featuring extra-wide slots and defrost/reheat functions.

- The adjustable browning control ensures perfect toast every time, whether you prefer it light or crispy."
"300ml aromatherapy essential oil diffuser, color-changing LED lights, whisper-quiet operation, auto shut-off","300ml Aromatherapy Diffuser - Color-Changing LED, Auto Shut-Off","- Create a calming atmosphere with this 300ml aromatherapy essential oil diffuser, featuring color-changing LED lights.

- Its whisper-quiet operation and auto shut-off make it perfect for relaxing in any room of your home."
"3-piece luggage set with spinner wheels, includes cabin, medium, and large suitcases, made from lightweight and durable material",3-Piece Luggage Set with Spinner Wheels,"- Travel in style with this 3-piece luggage set featuring spinner wheels for easy maneuverability. Includes cabin, medium, and large suitcases made from lightweight yet durable material, ideal for long trips. Perfect for business travelers, adventure-seekers, or anyone looking for a reliable luggage set."
"Digital kitchen scale with LCD display, 5kg capacity, measures in grams and ounces, tare function","Digital Kitchen Scale - 5kg Capacity, LCD Display","- This digital kitchen scale features an LCD display and a 5kg capacity, perfect for accurate measurements. Measures in grams and ounces, and includes a tare function for easy ingredient weighing. Ideal for bakers, cooks, and anyone looking for a precise and convenient kitchen scale."
"120ml peppermint essential oil, 100% pure, suitable for aromatherapy and topical use",120ml Peppermint Essential Oil - 100% Pure,"- This 120ml bottle of peppermint essential oil is 100% pure, perfect for aromatherapy or topical use. Its refreshing scent and natural properties make it ideal for relaxation and wellness. Use in a diffuser, add to your bath water, or apply topically for a cooling sensation."
"Set of 3 non-stick baking trays, heat-resistant up to 230°C, dishwasher safe",Set of 3 Non-Stick Baking Trays - Heat-Resistant,"- This set of 3 non-stick baking trays is heat-resistant up to 230°C, perfect for baking cookies, cakes, and more. Dishwasher safe for easy cleaning and long-lasting use in your kitchen. Ideal for bakers, cooks, and anyone looking for a convenient and non-stick baking solution."
"Almond flour, 1kg bag, gluten-free, perfect for baking","Almond Flour - 1kg, Gluten-Free","- Bake gluten-free with this 1kg bag of almond flour, ideal for cakes, cookies, and bread. Made from finely ground almonds, this flour is a great substitute for traditional wheat flour in many recipes. Almond flour is also high in protein and healthy fats, making it a great option for those with gluten intolerance or sensitivity."
"Organic turmeric powder, 200g pouch, rich in antioxidants","Organic Turmeric Powder - 200g, High Antioxidants","- Spice up your meals with this 200g pouch of organic turmeric powder, rich in antioxidants. Perfect for adding to curries, smoothies, or lattes. Turmeric has anti-inflammatory properties and can help to reduce joint pain and improve cognitive function."
"Gluten-free pancake mix, 500g pack, high in fiber, vegan","Gluten-Free Pancake Mix - 500g, Vegan","- Start your morning right with this 500g pack of gluten-free pancake mix, high in fiber and vegan-friendly. Easy to prepare and perfect with your favorite toppings. This pancake mix is made with wholesome ingredients and is free from artificial additives and preservatives."
"Organic maple syrup, 250ml bottle, grade A, 100% pure","Organic Maple Syrup - 250ml, Grade A","- Drizzle this organic maple syrup over pancakes, waffles, or yogurt for a natural sweetness. This 250ml bottle contains 100% pure grade A maple syrup, harvested sustainably from organic maple trees. Maple syrup is a great source of minerals and antioxidants, and can be used as a natural sweetener in many recipes."
"Vegan dark chocolate, 100g bar, 70% cocoa, dairy-free","Vegan Dark Chocolate - 100g, 70% Cocoa","- Indulge in this rich 70% cocoa vegan dark chocolate, made without dairy and perfect for a sweet treat. Each bar is 100g, ideal for snacking or baking. Dark chocolate is a great source of antioxidants and can help to improve heart health and reduce stress levels."
"Organic matcha green tea powder, 100g pouch, high in antioxidants","Organic Matcha Green Tea Powder - 100g, High Antioxidants","- Boost your energy with this 100g pouch of organic matcha green tea powder, packed with antioxidants. Ideal for tea, lattes, or adding to smoothies. Matcha green tea is a great source of caffeine and can help to improve focus and concentration."
"Waterproof Bluetooth speaker with 360-degree sound, 12-hour battery life, and compact design","Waterproof Bluetooth Speaker - 360-Degree Sound, 12-Hour Battery","- Enjoy music anywhere with this waterproof Bluetooth speaker, featuring 360-degree sound and a 12-hour battery life. Its compact design makes it perfect for outdoor adventures or indoor gatherings."
"Set of 4 stainless steel wine glasses, lead-free, dishwasher safe, and elegant design","Set of 4 Stainless Steel Wine Glasses - Lead-Free, Dishwasher Safe","- Elevate your wine-drinking experience with this set of 4 stainless steel wine glasses, lead-free and dishwasher safe. Their elegant design makes them perfect for special occasions or everyday use."
"Electric toothbrush with rechargeable battery, 5 brushing modes, and travel case","Electric Toothbrush - Rechargeable, 5 Brushing Modes, Travel Case","- Keep your teeth clean and healthy with this electric toothbrush, featuring a rechargeable battery and 5 brushing modes. The travel case makes it perfect for on-the-go oral care."
"Set of 2 microfiber cloths, machine washable, lint-free, and perfect for cleaning electronics","Set of 2 Microfiber Cloths - Machine Washable, Lint-Free","- Clean your electronics with ease using this set of 2 microfiber cloths, machine washable and lint-free. Perfect for cleaning screens, keyboards, and other delicate surfaces."
"Adjustable desk lamp with LED light, touch control, and USB port","Adjustable Desk Lamp - LED Light, Touch Control, USB Port","- Brighten up your workspace with this adjustable desk lamp, featuring an LED light, touch control, and USB port. Perfect for reading, working, or studying."
"Set of 4 silicone baking mats, non-stick, heat-resistant, and easy to clean","Set of 4 Silicone Baking Mats - Non-Stick, Heat-Resistant","- Bake with ease using this set of 4 silicone baking mats, non-stick and heat-resistant. Easy to clean and perfect for baking cookies, bread, and pastries."
"Wireless charging pad with fast charging, compact design, and LED indicator","Wireless Charging Pad - Fast Charging, Compact Design","- Charge your devices wirelessly with this charging pad, featuring fast charging and a compact design. The LED indicator shows when your device is charging."
"Set of 2 glass storage containers, airtight, microwave safe, and perfect for leftovers","Set of 2 Glass Storage Containers - Airtight, Microwave Safe","- Store your leftovers with ease using this set of 2 glass storage containers, airtight and microwave safe. Perfect for meal prep or storing snacks."
"Electric shaver with rechargeable battery, 5 adjustable lengths, and travel pouch","Electric Shaver - Rechargeable, 5 Adjustable Lengths, Travel Pouch","- Get a close shave with this electric shaver, featuring a rechargeable battery and 5 adjustable lengths. The travel pouch makes it perfect for on-the-go grooming."
"Set of 4 bamboo skewers, reusable, and perfect for grilling or roasting","Set of 4 Bamboo Skewers - Reusable, Perfect for Grilling","- Grill or roast with ease using this set of 4 bamboo skewers, reusable and perfect for cooking vegetables, meat, or seafood."
"Water bottle with infuser, 1-liter capacity, BPA-free, and perfect for flavored water","Water Bottle with Infuser - 1L, BPA-Free, Perfect for Flavored Water","- Stay hydrated with this water bottle with infuser, featuring a 1-liter capacity and BPA-free construction. Perfect for making flavored water or tea."
"Set of 2 silicone spatulas, heat-resistant, non-stick, and perfect for cooking",,"- Cook with ease using this set of 2 silicone spatulas, heat-resistant and non-stick. Perfect for scraping the sides of bowls or folding ingredients."
"Portable power bank with 10,000mAh capacity, compact design, and 2 USB ports","Portable Power Bank - 10,000mAh, Compact Design, 2 USB Ports","- Charge your devices on-the-go with this portable power bank, featuring a 10,000mAh capacity and compact design. The 2 USB ports allow you to charge multiple devices at once."
"Set of 4 stainless steel straws, reusable, and perfect for hot or cold drinks","Set of 4 Stainless Steel Straws - Reusable, Perfect for Hot/Cold Drinks","- Enjoy your favorite drinks with this set of 4 stainless steel straws, reusable and perfect for hot or cold beverages. A great alternative to plastic straws."
"Electric kettle with 1.7-liter capacity, fast boiling, and keep-warm function","Electric Kettle - 1.7L, Fast Boiling, Keep-Warm Function","- Boil water quickly and efficiently with this electric kettle, featuring a 1.7-liter capacity and fast boiling. The keep-warm function keeps your water at the perfect temperature."
"Set of 2 microfiber dusters, extendable, and perfect for cleaning hard-to-reach areas","Set of 2 Microfiber Dusters - Extendable, Perfect for Hard-to-Reach Areas","- Clean hard-to-reach areas with ease using this set of 2 microfiber dusters, extendable and perfect for dusting ceiling fans, crown molding, or baseboards."
"Wireless earbuds with 5-hour battery life, sweat-resistant, and compact design","Wireless Earbuds - 5-Hour Battery Life, Sweat-Resistant, Compact Design","- Enjoy music on-the-go with these wireless earbuds, featuring a 5-hour battery life and sweat-resistant design. The compact design makes them perfect for workouts or daily commutes."
"Set of 4 glass jars, airtight, and perfect for storing spices or coffee","Set of 4 Glass Jars - Airtight, Perfect for Storing Spices/Coffee","- Store your spices or coffee with ease using this set of 4 glass jars, airtight and perfect for keeping your pantry organized."
"Electric coffee grinder with 12-grind settings, compact design, and easy cleaning","Electric Coffee Grinder - 12-Grind Settings, Compact Design","- Grind your coffee beans with ease using this electric coffee grinder, featuring 12-grind settings and a compact design. Easy cleaning makes it perfect for daily use."
"Set of 2 silicone oven mitts, heat-resistant, and perfect for protecting your hands","Set of 2 Silicone Oven Mitts - Heat-Resistant, Perfect for Protecting Hands","- Protect your hands from burns with this set of 2 silicone oven mitts, heat-resistant and perfect for handling hot dishes or pans."
"Kimono, traditional Japanese garment",Kimono - Traditional Japanese Garment,"- Experience the elegance of Japan with this traditional Kimono, a garment steeped in history and culture. Perfect for special occasions or as a unique fashion statement."
"Sari, traditional Indian garment",Sari - Traditional Indian Garment,"- Wrap yourself in the beauty of India with this traditional Sari, a timeless garment that exudes elegance and sophistication. Perfect for special occasions or as a statement piece."
"Fez, traditional Moroccan hat",Fez - Traditional Moroccan Hat,"- Add a touch of Moroccan charm to your outfit with this traditional Fez, a hat that's steeped in history and culture. Perfect for adding a unique touch to your wardrobe."
"Kente cloth, traditional Ghanaian textile",Kente Cloth - Traditional Ghanaian Textile,"- Experience the vibrant colors and rich history of Ghana with this traditional Kente cloth, a textile that's steeped in cultural significance. Perfect for adding a unique touch to your home decor or wardrobe."
"Sombrero, traditional Mexican hat",Sombrero - Traditional Mexican Hat,"- Add a touch of Mexican flair to your outfit with this traditional Sombrero, a hat that's perfect for special occasions or as a unique fashion statement."
"Kaftan, traditional Middle Eastern garment",Kaftan - Traditional Middle Eastern Garment,"- Experience the elegance of the Middle East with this traditional Kaftan, a garment that's steeped in history and culture. Perfect for special occasions or as a unique fashion statement."
"Dirndl, traditional German garment",Dirndl - Traditional German Garment,"- Experience the charm of Germany with this traditional Dirndl, a garment that's steeped in history and culture. Perfect for special occasions or as a unique fashion statement."
"Tartan, traditional Scottish textile",Tartan - Traditional Scottish Textile,"- Experience the rich history and culture of Scotland with this traditional Tartan, a textile that's perfect for adding a unique touch to your home decor or wardrobe."
"Cheongsam, traditional Chinese garment",Cheongsam - Traditional Chinese Garment,"- Experience the elegance of China with this traditional Cheongsam, a garment that's steeped in history and culture. Perfect for special occasions or as a unique fashion statement."
"Boubou, traditional West African garment",Boubou - Traditional West African Garment,"- Experience the vibrant colors and rich history of West Africa with this traditional Boubou, a garment that's perfect for special occasions or as a unique fashion statement."
"Thobe, traditional Arabian garment",Thobe - Traditional Arabian Garment,"- Experience the elegance of Arabia with this traditional Thobe, a garment that's steeped in history and culture. Perfect for special occasions or as a unique fashion statement."
"Hanbok, traditional Korean garment",Hanbok - Traditional Korean Garment,"- Experience the beauty of Korea with this traditional Hanbok, a garment that's steeped in history and culture. Perfect for special occasions or as a unique fashion statement."
"Barong, traditional Filipino garment",Barong - Traditional Filipino Garment,"- Experience the elegance of the Philippines with this traditional Barong, a garment that's steeped in history and culture. Perfect for special occasions or as a unique fashion statement."
"Ao Dai, traditional Vietnamese garment",Ao Dai - Traditional Vietnamese Garment,"- Experience the beauty of Vietnam with this traditional Ao Dai, a garment that's steeped in history and culture. Perfect for special occasions or as a unique fashion statement."
"Saree, traditional Sri Lankan garment",,"- Experience the elegance of Sri Lanka with this traditional Saree, a garment that's steeped in history and culture. Perfect for special occasions or as a unique fashion statement."
"Lei, traditional Hawaiian garland",Lei - Traditional Hawaiian Garland,"- Experience the beauty of Hawaii with this traditional Lei, a garland that's steeped in history and culture. Perfect for special occasions or as a unique fashion statement."
"Keffiyeh, traditional Palestinian scarf",Keffiyeh - Traditional Palestinian Scarf,"- Experience the elegance of Palestine with this traditional Keffiyeh, a scarf that's steeped in history and culture. Perfect for special occasions or as a unique fashion statement."
"Gho, traditional Bhutanese garment",Gho - Traditional Bhutanese Garment,"- Experience the beauty of Bhutan with this traditional Gho, a garment that's steeped in history and culture. Perfect for special occasions or as a unique fashion statement."
"Kurta, traditional Indian garment",Kurta - Traditional Indian Garment,"- Experience the elegance of India with this traditional Kurta, a garment that's steeped in history and culture. Perfect for special occasions or as a unique fashion statement."
"Songkok, traditional Malaysian hat",Songkok - Traditional Malaysian Hat,"- Add a touch of Malaysian charm to your outfit with this traditional Songkok, a hat that's steeped in history and culture. Perfect for adding a unique touch to your wardrobe."
"Ushanka, traditional Russian hat",Ushanka - Traditional Russian Hat,"- Add a touch of Russian charm to your outfit with this traditional Ushanka, a hat that's steeped in history and culture. Perfect for adding a unique touch to your wardrobe."
"Chullo, traditional Bolivian hat",Chullo - Traditional Bolivian Hat,"- Add a touch of Bolivian charm to your outfit with this traditional Chullo, a hat that's steeped in history and culture. Perfect for adding a unique touch to your wardrobe."
"Poncho, traditional South American garment",Poncho - Traditional South American Garment,"- Experience the elegance of South America with this traditional Poncho, a garment that's steeped in history and culture. Perfect for special occasions or as a unique fashion statement."
"Burnous, traditional North African garment",Burnous - Traditional North African Garment,"- Experience the elegance of North Africa with this traditional Burnous, a garment that's steeped in history and culture. Perfect for special occasions or as a unique fashion statement."
"Cossack, traditional Ukrainian garment",Cossack - Traditional Ukrainian Garment,"- Experience the elegance of Ukraine with this traditional Cossack, a garment that's steeped in history and culture. Perfect for special occasions or as a unique fashion statement."
"Tilley, traditional Scottish hat",Tilley - Traditional Scottish Hat,"- Add a touch of Scottish charm to your outfit with this traditional Tilley, a hat that's steeped in history and culture. Perfect for adding a unique touch to your wardrobe."
"Fez, traditional Turkish hat",Fez - Traditional Turkish Hat,"- Add a touch of Turkish charm to your outfit with this traditional Fez, a hat that's steeped in history and culture. Perfect for adding a unique touch to your wardrobe."
"Gamboge, traditional Cambodian garment",Gamboge - Traditional Cambodian Garment,"- Experience the elegance of Cambodia with this traditional Gamboge, a garment that's steeped in history and culture. Perfect for special occasions or as a unique fashion statement."
"Kente, traditional Ghanaian textile",Kente - Traditional Ghanaian Textile,
"Batik, traditional Indonesian textile",Batik - Traditional Indonesian Textile,"- Experience the vibrant colors and rich history of Indonesia with this traditional Batik, a textile that's steeped in cultural significance. Perfect for adding a unique touch to your home decor or wardrobe."
"Ikat, traditional Uzbek textile",Ikat - Traditional Uzbek Textile,"- Experience the vibrant colors and rich history of Uzbekistan with this traditional Ikat, a textile that's steeped in cultural significance. Perfect for adding a unique touch to your home decor or wardrobe."
"Tartan, traditional Scottish textile",Tartan - Traditional Scottish Textile,"- Experience the rich history and culture of Scotland with this traditional Tartan, a textile that's perfect for adding a unique touch to your home decor or wardrobe."
"Aso Oke, traditional Nigerian textile",Aso Oke - Traditional Nigerian Textile,"- Experience the vibrant colors and rich history of Nigeria with this traditional Aso Oke, a textile that's steeped in cultural significance. Perfect for adding a unique touch to your home decor or wardrobe."
"Adire, traditional Nigerian textile",Adire - Traditional Nigerian Textile,"- Experience the vibrant colors and rich history of Nigeria with this traditional Adire, a textile that's steeped in cultural significance. Perfect for adding a unique touch to your home decor or wardrobe."
"Kanga, traditional East African textile",Kanga - Traditional East African Textile,"- Experience the vibrant colors and rich history of East Africa with this traditional Kanga, a textile that's steeped in cultural significance. Perfect for adding a unique touch to your home decor or wardrobe."
"Kitenge, traditional East African textile",Kitenge - Traditional East African Textile,"- Experience the vibrant colors and rich history of East Africa with this traditional Kitenge, a textile that's steeped in cultural significance. Perfect for adding a unique touch to your home decor or wardrobe."
"Bogolanfini, traditional Malian textile",Bogolanfini - Traditional Malian Textile,"- Experience the vibrant colors and rich history of Mali with this traditional Bogolanfini, a textile that's steeped in cultural significance. Perfect for adding a unique touch to your home decor or wardrobe."
"Adinkra, traditional Ghanaian textile",Adinkra - Traditional Ghanaian Textile,"- Experience the vibrant colors and rich history of Ghana with this traditional Adinkra, a textile that's steeped in cultural significance. Perfect for adding a unique touch to your home decor or wardrobe."
"Ankara, traditional West African textile",Ankara - Traditional West African Textile,"- Experience the vibrant colors and rich history of West Africa with this traditional Ankara, a textile that's steeped in cultural significance. Perfect for adding a unique touch to your home decor or wardrobe."
"Portable Bluetooth speaker with 10-hour battery life, waterproof, and compact design","Portable Bluetooth Speaker - 10-Hour Battery Life, Waterproof, Compact Design","- Enjoy music anywhere with this portable Bluetooth speaker, featuring a 10-hour battery life and waterproof design. The compact design makes it perfect for outdoor adventures or indoor gatherings."
"Electric toothbrush with rechargeable battery, 3 brushing modes, and travel case","Electric Toothbrush - Rechargeable, 3 Brushing Modes, Travel Case","- Keep your teeth clean and healthy with this electric toothbrush, featuring a rechargeable battery and 3 brushing modes. The travel case makes it perfect for on-the-go oral care."
"Set of 2 glass tumblers, insulated, and perfect for hot or cold drinks","Set of 2 Glass Tumblers - Insulated, Perfect for Hot/Cold Drinks","- Enjoy your favorite drinks with this set of 2 glass tumblers, insulated and perfect for hot or cold beverages. A great alternative to plastic cups."
"Wireless charging pad with fast charging, compact design, and LED indicator","Wireless Charging Pad - Fast Charging, Compact Design, LED Indicator","- Charge your devices wirelessly with this charging pad, featuring fast charging and a compact design. The LED indicator shows when your device is charging."
"Set of 4 bamboo utensils, reusable, and perfect for cooking or serving","Set of 4 Bamboo Utensils - Reusable, Perfect for Cooking/Serving","- Cook or serve with ease using this set of 4 bamboo utensils, reusable and perfect for cooking, serving, or eating."
"Electric kettle with 1.7-liter capacity, fast boiling, and keep-warm function","Electric Kettle - 1.7L, Fast Boiling, Keep-Warm Function","- Boil water quickly and efficiently with this electric kettle, featuring a 1.7-liter capacity and fast boiling. The keep-warm function keeps your water at the perfect temperature."
"Set of 2 microfiber cloths, machine washable, lint-free, and perfect for cleaning electronics","Set of 2 Microfiber Cloths - Machine Washable, Lint-Free","- Clean your electronics with ease using this set of 2 microfiber cloths, machine washable and lint-free. Perfect for cleaning screens, keyboards, and other delicate surfaces."
"Portable power bank with 10,000mAh capacity, compact design, and 2 USB ports","Portable Power Bank - 10,000mAh, Compact Design, 2 USB Ports","- Charge your devices on-the-go with this portable power bank, featuring a 10,000mAh capacity and compact design. The 2 USB ports allow you to charge multiple devices at once."
"Set of 4 stainless steel straws, reusable, and perfect for hot or cold drinks","Set of 4 Stainless Steel Straws - Reusable, Perfect for Hot/Cold Drinks","- Enjoy your favorite drinks with this set of 4 stainless steel straws, reusable and perfect for hot or cold beverages. A great alternative to plastic straws."
"Electric shaver with rechargeable battery, 5 adjustable lengths, and travel pouch","Electric Shaver - Rechargeable, 5 Adjustable Lengths, Travel Pouch","- Get a close shave with this electric shaver, featuring a rechargeable battery and 5 adjustable lengths. The travel pouch makes it perfect for on-the-go grooming."
"Set of 2 glass storage containers, airtight, microwave safe, and perfect for leftovers","Set of 2 Glass Storage Containers - Airtight, Microwave Safe","- Store your leftovers with ease using this set of 2 glass storage containers, airtight and microwave safe. Perfect for meal prep or storing snacks."
"Wireless earbuds with 5-hour battery life, sweat-resistant, and compact design","Wireless Earbuds - 5-Hour Battery Life, Sweat-Resistant, Compact Design","- Enjoy music on-the-go with these wireless earbuds, featuring a 5-hour battery life and sweat-resistant design. The compact design makes them perfect for workouts or daily commutes."
"Set of 4 bamboo skewers, reusable, and perfect for grilling or roasting","Set of 4 Bamboo Skewers - Reusable, Perfect for Grilling","- Grill or roast with ease using this set of 4 bamboo skewers, reusable and perfect for cooking vegetables, meat, or seafood."
"Water bottle with infuser, 1-liter capacity, BPA-free, and perfect for flavored water","Water Bottle with Infuser - 1L, BPA-Free, Perfect for Flavored Water","- Stay hydrated with this water bottle with infuser, featuring a 1-liter capacity and BPA-free construction. Perfect for making flavored water or tea."
"Portable Bluetooth speaker with 10-hour battery life, waterproof, and compact design","Portable Bluetooth Speaker - 10-Hour Battery Life, Waterproof, Compact Design","- Enjoy music anywhere with this portable Bluetooth speaker, featuring a 10-hour battery life and waterproof design. The compact design makes it perfect for outdoor adventures or indoor gatherings."
"Set of 4 stainless steel cookie cutters, durable, and perfect for baking","Set of 4 Stainless Steel Cookie Cutters - Durable, Perfect for Baking","- Bake with ease using this set of 4 stainless steel cookie cutters, durable and perfect for cutting out shapes for cookies, biscuits, or pastries."
"Electric toothbrush with rechargeable battery, 3 brushing modes, and travel case","Electric Toothbrush - Rechargeable, 3 Brushing Modes, Travel Case","- Keep your teeth clean and healthy with this electric toothbrush, featuring a rechargeable battery and 3 brushing modes. The travel case makes it perfect for on-the-go oral care."
"Set of 2 glass tumblers, insulated, and perfect for hot or cold drinks","Set of 2 Glass Tumblers - Insulated, Perfect for Hot/Cold Drinks","- Enjoy your favorite drinks with this set of 2 glass tumblers, insulated and perfect for hot or cold beverages. A great alternative to plastic cups."
"Wireless charging pad with fast charging, compact design, and LED indicator","Wireless Charging Pad - Fast Charging, Compact Design, LED Indicator","- Charge your devices wirelessly with this charging pad, featuring fast charging and a compact design. The LED indicator shows when your device is charging."
"Set of 4 bamboo utensils, reusable, and perfect for cooking or serving","Set of 4 Bamboo Utensils - Reusable, Perfect for Cooking/Serving","- Cook or serve with ease using this set of 4 bamboo utensils, reusable and perfect for cooking, serving, or eating."
"Electric kettle with 1.7-liter capacity, fast boiling, and keep-warm function","Electric Kettle - 1.7L, Fast Boiling, Keep-Warm Function","- Boil water quickly and efficiently with this electric kettle, featuring a 1.7-liter capacity and fast boiling. The keep-warm function keeps your water at the perfect temperature."
"c, machine washable, lint-free, and perfect for cleaning electronics","Set of 2 Microfiber Cloths - Machine Washable, Lint-Free","- Clean your electronics with ease using this set of 2 microfiber cloths, machine washable and lint-free. Perfect for cleaning screens, keyboards, and other delicate surfaces."
"Portable power bank with 10,000mAh capacity, compact design, and 2 USB ports","Portable Power Bank - 10,000mAh, Compact Design, 2 USB Ports","- Charge your devices on-the-go with this portable power bank, featuring a 10,000mAh capacity and compact design. The 2 USB ports allow you to charge multiple devices at once."
"Women's casual t-shirt, 100% cotton, relaxed fit, and V-neckline","Women's Casual T-Shirt - 100% Cotton, Relaxed Fit","- Stay comfortable and stylish with this women's casual t-shirt, made from 100% cotton and featuring a relaxed fit and V-neckline. Perfect for everyday wear."
"Men's slim-fit jeans, 5-pocket design, and stretchy material","Men's Slim-Fit Jeans - 5-Pocket Design, Stretchy Material","- Upgrade your wardrobe with these men's slim-fit jeans, featuring a 5-pocket design and stretchy material for a comfortable fit. Perfect for dressing up or down."
"Kids' hooded sweatshirt, 100% polyester, and adjustable cuffs","Kids' Hooded Sweatshirt - 100% Polyester, Adjustable Cuffs","- Keep your kids warm and cozy with this hooded sweatshirt, made from 100% polyester and featuring adjustable cuffs for a customizable fit. Perfect for school or playtime."
"Women's little black dress, 100% rayon, and bodycon design","Women's Little Black Dress - 100% Rayon, Bodycon Design","- Make a statement with this women's little black dress, made from 100% rayon and featuring a bodycon design that hugs your curves. Perfect for a night out or special occasion."
"Men's leather belt, 100% genuine leather, and adjustable buckle","Men's Leather Belt - 100% Genuine Leather, Adjustable Buckle","- Add a touch of sophistication to your outfit with this men's leather belt, made from 100% genuine leather and featuring an adjustable buckle for a customizable fit. Perfect for dressing up or adding a pop of style to your everyday look."
"Gourmet food basket, assorted cheeses, crackers, and jams","Gourmet Food Basket - Assorted Cheeses, Crackers, and Jams","- Treat yourself or a loved one to this gourmet food basket, featuring an assortment of artisanal cheeses, crackers, and jams. Perfect for a special occasion or as a thoughtful gift."
"Artisanal coffee beans, 100% Arabica, and small-batch roasted","Artisanal Coffee Beans - 100% Arabica, Small-Batch Roasted","- Elevate your coffee game with these artisanal coffee beans, made from 100% Arabica and small-batch roasted for a rich and full-bodied flavor. Perfect for coffee connoisseurs or those looking to try something new."
"Homemade pasta sauce, 100% natural ingredients, and no preservatives","Homemade Pasta Sauce - 100% Natural Ingredients, No Preservatives","- Add a touch of homemade love to your pasta dishes with this homemade pasta sauce, made from 100% natural ingredients and containing no preservatives. Perfect for a quick and easy meal or as a special treat."
"Gourmet chocolate truffles, 100% dark chocolate, and handcrafted","Gourmet Chocolate Truffles - 100% Dark Chocolate, Handcrafted","- Indulge in the rich flavor of these gourmet chocolate truffles, made from 100% dark chocolate and handcrafted for a truly decadent treat. Perfect for special occasions or as a thoughtful gift."
"Fresh fruit basket, seasonal selection, and 100% organic","Fresh Fruit Basket - Seasonal Selection, 100% Organic","- Treat yourself or a loved one to this fresh fruit basket, featuring a seasonal selection of 100% organic fruits. Perfect for a healthy snack or as a thoughtful gift."
"Women's yoga pants, 100% stretchy material, and four-way stretch","Women's Yoga Pants - 100% Stretchy Material, Four-Way Stretch","- Stay comfortable and flexible with these women's yoga pants, made from 100% stretchy material and featuring four-way stretch for a full range of motion. Perfect for yoga, Pilates , or any low-impact activity."
"Men's athletic socks, 100% moisture-wicking material, and arch support","Men's Athletic Socks - 100% Moisture-Wicking Material, Arch Support","- Upgrade your workout routine with these men's athletic socks, made from 100% moisture-wicking material and featuring arch support for added comfort and performance. Perfect for running, training, or any high-intensity activity."
"Kids' t-shirt, 100% cotton, and fun graphic design","Kids' T-Shirt - 100% Cotton, Fun Graphic Design","- Keep your kids stylish and comfortable with this kids' t-shirt, made from 100% cotton and featuring a fun graphic design. Perfect for everyday wear or as a special treat."
"Women's dressy top, 100% silk, and V-neckline","Women's Dressy Top - 100% Silk, V-Neckline","- Elevate your wardrobe with this women's dressy top, made from 100% silk and featuring a V-neckline for a sophisticated look. Perfect for dressing up or adding a touch of elegance to your everyday look."
"Men's leather wallet, 100% genuine leather, and RFID-blocking material","Men's Leather Wallet - 100% Genuine Leather, RFID-Blocking Material","- Protect your identity and add a touch of sophistication to your everyday carry with this men's leather wallet, made from 100% genuine leather and featuring RFID-blocking material for added security. Perfect for dressing up or adding a pop of style to your everyday look."
"Gourmet popcorn, 100% natural ingredients, and handcrafted","Gourmet Popcorn - 100% Natural Ingredients, Handcrafted","- Treat yourself or a loved one to this gourmet popcorn, made from 100% natural ingredients and handcrafted for a truly unique flavor experience. Perfect for a special occasion or as a thoughtful gift."
"Artisanal cheese board, assorted cheeses, crackers, and garnishes","Artisanal Cheese Board - Assorted Cheeses, Crackers, and Garnishes","- Impress your guests with this artisanal cheese board, featuring an assortment of artisanal cheeses, crackers, and garnishes. Perfect for a special occasion or as a thoughtful gift."
"Homemade granola, 100% natural ingredients, and no preservatives","Homemade Granola - 100% Natural Ingredients, No Preservatives","- Start your day off right with this homemade granola, made from 100% natural ingredients and containing no preservatives. Perfect for a healthy breakfast or snack."
"Gourmet coffee subscription, 100% Arabica, and small-batch roasted","Gourmet Coffee Subscription - 100% Arabica, Small-Batch Roasted","- Elevate your coffee game with this gourmet coffee subscription, featuring 100% Arabica beans and small-batch roasted for a rich and full-bodied flavor. Perfect for coffee connoisseurs or those looking to try something new."
"Fresh vegetable basket, seasonal selection, and 100% organic","Fresh Vegetable Basket - Seasonal Selection, 100% Organic","- Treat yourself or a loved one to this fresh vegetable basket, featuring a seasonal selection of 100% organic vegetables. Perfect for a healthy snack or as a thoughtful gift."
"Women's athletic wear, 100% stretchy material, and four-way stretch","Women's Athletic Wear - 100% Stretchy Material, Four-Way Stretch","- Stay comfortable and flexible with this women's athletic wear, made from 100% stretchy material and featuring four-way stretch for a full range of motion. Perfect for yoga, Pilates, or any low-impact activity."
soft sweaters made of fleece in gray,Gray Fleece Sweater,This soft gray fleece sweater is perfect for casual wear.
fashionable dresses made of silk in pink,Pink Silk Party Dress,This fashionable pink silk dress is ideal for formal events.
waterproof jackets made of suede in black,Black Suede Waterproof Jacket,This waterproof black suede jacket is great for outdoor activities.
comfortable pants made of cotton in blue,Blue Cotton Casual Pants,These comfortable blue cotton pants are perfect for everyday wear.
stylish skirts made of denim in white,White Denim Mini Skirt,This stylish white denim mini skirt is great for summer outfits.
affordable hoodies made of polyester in green,Green Polyester Hoodie,This affordable green polyester hoodie is perfect for casual wear.
relaxed sweatpants made of fleece in gray,Gray Fleece Sweatpants,These relaxed gray fleece sweatpants are great for lounging around.
warm hats made of wool in red,Red Wool Beanie,This warm red wool beanie is perfect for cold winter days.
breathable gloves made of suede in black,Black Suede Gloves,These breathable black suede gloves are great for outdoor activities.
fitted scarves made of silk in pink,Pink Silk Scarf,This fitted pink silk scarf is perfect for adding a touch of elegance to any outfit.
loose sweaters made of cotton in blue,Blue Cotton Oversized Sweater,This loose blue cotton oversized sweater is great for casual wear.
high-quality dresses made of denim in white,White Denim A-Line Dress,This high-quality white denim A-line dress is perfect for formal events.
casual jackets made of polyester in green,Green Polyester Bomber Jacket,This casual green polyester bomber jacket is great for everyday wear.
formal pants made of wool in red,Red Wool Formal Pants,These formal red wool pants are perfect for special occasions.
soft skirts made of fleece in gray,Gray Fleece Midi Skirt,This soft gray fleece midi skirt is great for casual wear.
warm hoodies made of suede in black,Black Suede Hoodie,This warm black suede hoodie is perfect for outdoor activities.
breathable sweatpants made of cotton in blue,Blue Cotton Sweatpants,These breathable blue cotton sweatpants are great for lounging around.
fitted hats made of silk in pink,Pink Silk Baseball Cap,This fitted pink silk baseball cap is perfect for casual wear.
loose gloves made of wool in red,Red Wool Gloves,These loose red wool gloves are great for cold winter days.
high-quality scarves made of denim in white,White Denim Scarf,This high-quality white denim scarf is perfect for adding a touch of elegance to any outfit.
casual sweaters made of polyester in green,Green Polyester Crew Neck Sweater,This casual green polyester crew neck sweater is great for everyday wear.
formal dresses made of fleece in gray,Gray Fleece Formal Dress,This formal gray fleece dress is perfect for special occasions.
soft jackets made of suede in black,Black Suede Leather Jacket,This soft black suede leather jacket is great for outdoor activities.
warm pants made of cotton in blue,Blue Cotton Thermal Pants,These warm blue cotton thermal pants are perfect for cold winter days.
breathable skirts made of silk in pink,Pink Silk Flowy Skirt,This breathable pink silk flowy skirt is great for summer outfits.
fitted hoodies made of wool in red,Red Wool Fitted Hoodie,This fitted red wool hoodie is perfect for outdoor activities.
loose sweaters made of polyester in green,Green Polyester Oversized Sweater,This loose green polyester oversized sweater is great for casual wear.
high-quality dresses made of suede in black,Black Suede Formal Dress,This high-quality black suede formal dress is perfect for special occasions.
casual pants made of cotton in blue,Blue Cotton Casual Pants,These casual blue cotton pants are great for everyday wear.
soft skirts made of fleece in gray,Gray Fleece Pleated Skirt,This soft gray fleece pleated skirt is perfect for casual wear.
warm hoodies made of wool in red,Red Wool Hoodie,This warm red wool hoodie is great for outdoor activities.
breathable sweatpants made of silk in pink,Pink Silk Sweatpants,These breathable pink silk sweatpants are perfect for lounging around.
fitted hats made of polyester in green,Green Polyester Baseball Cap,This fitted green polyester baseball cap is great for casual wear.
loose gloves made of suede in black,Black Suede Gloves,These loose black suede gloves are perfect for outdoor activities.
high-quality scarves made of wool in red,Red Wool Scarf,This high-quality red wool scarf is perfect for adding a touch of elegance to any outfit.
casual sweaters made of fleece in gray,Gray Fleece Crew Neck Sweater,This casual gray fleece crew neck sweater is great for everyday wear.
formal dresses made of silk in pink,Pink Silk Formal Dress,This formal pink silk dress is perfect for special occasions.
soft jackets made of cotton in blue,Blue Cotton Denim Jacket,This soft blue cotton denim jacket is great for casual wear.
warm pants made of polyester in green,Green Polyester Thermal Pants,These warm green polyester thermal pants are perfect for cold winter days.
breathable skirts made of wool in red,Red Wool Flowy Skirt,This breathable red wool flowy skirt is great for summer outfits.
fitted hoodies made of suede in black,Black Suede Fitted Hoodie,This fitted black suede hoodie is perfect for outdoor activities.
loose sweaters made of silk in pink,Pink Silk Oversized Sweater,This loose pink silk oversized sweater is great for casual wear.
high-quality dresses made of fleece in gray,,This high-quality gray fleece formal dress is perfect for special occasions.
casual pants made of polyester in green,Green Polyester Casual Pants,These casual green polyester pants are great for everyday wear.
soft skirts made of wool in red,Red Wool Pleated Skirt,This soft red wool pleated skirt is perfect for casual wear.
warm hoodies made of suede in black,Black Suede Hoodie,This warm black suede hoodie is great for outdoor activities.
breathable sweatpants made of cotton in blue,Blue Cotton Sweatpants,These breathable blue cotton sweatpants are perfect for lounging around.
fitted hats made of fleece in gray,Gray Fleece Beanie,This fitted gray fleece beanie is perfect for casual wear.
loose gloves made of silk in pink,Pink Silk Gloves,These loose pink silk gloves are great for cold winter days.
high-quality scarves made of polyester in green,Green Polyester Scarf,This high-quality green polyester scarf is perfect for adding a touch of elegance to any outfit.
casual sweaters made of wool in red,Red Wool Crew Neck Sweater,This casual red wool crew neck sweater is great for everyday wear.
formal dresses made of suede in black,Black Suede Formal Dress,This formal black suede dress is perfect for special occasions.
soft jackets made of fleece in gray,Gray Fleece Leather Jacket,This soft gray fleece leather jacket is great for outdoor activities.
warm pants made of silk in pink,Pink Silk Thermal Pants,These warm pink silk thermal pants are perfect for cold winter days.
breathable skirts made of polyester in green,Green Polyester Flowy Skirt,This breathable green polyester flowy skirt is great for summer outfits.
fitted hoodies made of wool in red,Red Wool Fitted Hoodie,This fitted red wool hoodie is perfect for outdoor activities.
loose sweaters made of suede in black,Black Suede Oversized Sweater,This loose black suede oversized sweater is great for casual wear.
high-quality dresses made of cotton in blue,Blue Cotton Formal Dress,This high-quality blue cotton formal dress is perfect for special occasions.
casual pants made of fleece in gray,Gray Fleece Casual Pants,These casual gray fleece pants are great for everyday wear.
soft skirts made of silk in pink,Pink Silk Pleated Skirt,This soft pink silk pleated skirt is perfect for casual wear.
warm hoodies made of polyester in green,Green Polyester Hoodie,This warm green polyester hoodie is great for outdoor activities.
breathable sweatpants made of wool in red,Red Wool Sweatpants,These breathable red wool sweatpants are perfect for lounging around.
fitted hats made of suede in black,Black Suede Baseball Cap,This fitted black suede baseball cap is great for casual wear.
